{"cameraMode":{"drawMode":0,"name":"Shaded","section":"Shading Mode"},"sceneLighting":true,"audioPlay":false,"sceneViewState":{"m_AlwaysRefresh":false,"showFog":true,"showSkybox":true,"showFlares":true,"showImageEffects":true,"showParticleSystems":true,"showVisualEffectGraphs":true,"m_FxEnabled":true},"in2DMode":false,"pivot":{"x":-0.44144392013549807,"y":0.7379274368286133,"z":-8.83259105682373},"rotation":{"x":-0.24253909289836884,"y":0.22932663559913636,"z":-0.05912116542458534,"w":-0.9407895803451538},"size":4.223933696746826,"orthographic":false}